variant	case	depth_cap	run	ms
p1-naive-cte	d1-artist-artist	10	-	over-temp-limit
p2-bfs-uni	d1-artist-artist	10	1	12.523
p2-bfs-uni	d1-artist-artist	10	2	11.845
p2-bfs-uni	d1-artist-artist	10	3	10.707
p2-bfs-uni	d1-artist-artist	10	4	11.143
p2-bfs-uni	d1-artist-artist	10	5	12.292
p3-bfs-bi	d1-artist-artist	10	1	12.122
p3-bfs-bi	d1-artist-artist	10	2	12.548
p3-bfs-bi	d1-artist-artist	10	3	12.843
p3-bfs-bi	d1-artist-artist	10	4	13.271
p3-bfs-bi	d1-artist-artist	10	5	12.805
p4-adj-bi	d1-artist-artist	10	1	8.353
p4-adj-bi	d1-artist-artist	10	2	7.138
p4-adj-bi	d1-artist-artist	10	3	6.881
p4-adj-bi	d1-artist-artist	10	4	7.511
p4-adj-bi	d1-artist-artist	10	5	7.066
p2-bfs-uni	d1-artist-release	10	1	11.550
p2-bfs-uni	d1-artist-release	10	2	11.527
p2-bfs-uni	d1-artist-release	10	3	12.060
p2-bfs-uni	d1-artist-release	10	4	11.112
p2-bfs-uni	d1-artist-release	10	5	10.986
p3-bfs-bi	d1-artist-release	10	1	12.641
p3-bfs-bi	d1-artist-release	10	2	12.288
p3-bfs-bi	d1-artist-release	10	3	12.385
p3-bfs-bi	d1-artist-release	10	4	12.735
p3-bfs-bi	d1-artist-release	10	5	12.639
p4-adj-bi	d1-artist-release	10	1	7.693
p4-adj-bi	d1-artist-release	10	2	7.065
p4-adj-bi	d1-artist-release	10	3	7.074
p4-adj-bi	d1-artist-release	10	4	6.892
p4-adj-bi	d1-artist-release	10	5	7.043
p1-naive-cte	d2-artist-artist	10	-	over-temp-limit
p2-bfs-uni	d2-artist-artist	10	1	20.945
p2-bfs-uni	d2-artist-artist	10	2	20.494
p2-bfs-uni	d2-artist-artist	10	3	20.280
p2-bfs-uni	d2-artist-artist	10	4	20.533
p2-bfs-uni	d2-artist-artist	10	5	20.657
p3-bfs-bi	d2-artist-artist	10	1	162.167
p3-bfs-bi	d2-artist-artist	10	2	162.810
p3-bfs-bi	d2-artist-artist	10	3	162.421
p3-bfs-bi	d2-artist-artist	10	4	160.434
p3-bfs-bi	d2-artist-artist	10	5	162.539
p4-adj-bi	d2-artist-artist	10	1	130.816
p4-adj-bi	d2-artist-artist	10	2	131.942
p4-adj-bi	d2-artist-artist	10	3	130.202
p4-adj-bi	d2-artist-artist	10	4	132.614
p4-adj-bi	d2-artist-artist	10	5	132.607
p2-bfs-uni	d3-artist-artist	10	1	21554.056
p2-bfs-uni	d3-artist-artist	10	2	22739.308
p2-bfs-uni	d3-artist-artist	10	3	22845.615
p3-bfs-bi	d3-artist-artist	10	1	86.633
p3-bfs-bi	d3-artist-artist	10	2	78.153
p3-bfs-bi	d3-artist-artist	10	3	78.047
p3-bfs-bi	d3-artist-artist	10	4	75.141
p3-bfs-bi	d3-artist-artist	10	5	78.122
p4-adj-bi	d3-artist-artist	10	1	55.445
p4-adj-bi	d3-artist-artist	10	2	54.318
p4-adj-bi	d3-artist-artist	10	3	54.818
p4-adj-bi	d3-artist-artist	10	4	51.799
p4-adj-bi	d3-artist-artist	10	5	52.820
p2-bfs-uni	d4-artist-artist	10	1	96060.941
p2-bfs-uni	d4-artist-artist	10	2	96198.466
p3-bfs-bi	d4-artist-artist	10	1	24113.114
p3-bfs-bi	d4-artist-artist	10	2	24654.377
p3-bfs-bi	d4-artist-artist	10	3	24684.186
p4-adj-bi	d4-artist-artist	10	1	18797.921
p4-adj-bi	d4-artist-artist	10	2	18666.226
p4-adj-bi	d4-artist-artist	10	3	18983.030
p2-bfs-uni	d5-artist-artist	10	1	101706.865
p2-bfs-uni	d5-artist-artist	10	2	102230.074
p3-bfs-bi	d5-artist-artist	10	1	1713.693
p3-bfs-bi	d5-artist-artist	10	2	1655.674
p3-bfs-bi	d5-artist-artist	10	3	1643.607
p3-bfs-bi	d5-artist-artist	10	4	1637.939
p3-bfs-bi	d5-artist-artist	10	5	1668.628
p4-adj-bi	d5-artist-artist	10	1	1281.467
p4-adj-bi	d5-artist-artist	10	2	1357.247
p4-adj-bi	d5-artist-artist	10	3	1267.517
p4-adj-bi	d5-artist-artist	10	4	1270.216
p4-adj-bi	d5-artist-artist	10	5	1270.130
p2-bfs-uni	d6-artist-artist	10	1	139551.133
p2-bfs-uni	d6-artist-artist	10	2	139793.028
p3-bfs-bi	d6-artist-artist	10	1	12228.874
p3-bfs-bi	d6-artist-artist	10	2	12199.445
p3-bfs-bi	d6-artist-artist	10	3	12128.454
p4-adj-bi	d6-artist-artist	10	1	8606.339
p4-adj-bi	d6-artist-artist	10	2	8584.610
p4-adj-bi	d6-artist-artist	10	3	8536.095
p2-bfs-uni	unreachable	10	1	135785.291
p2-bfs-uni	unreachable	10	2	135872.946
p3-bfs-bi	unreachable	10	1	17.732
p3-bfs-bi	unreachable	10	2	13.356
p3-bfs-bi	unreachable	10	3	13.314
p3-bfs-bi	unreachable	10	4	12.942
p3-bfs-bi	unreachable	10	5	12.883
p4-adj-bi	unreachable	10	1	8.592
p4-adj-bi	unreachable	10	2	8.115
p4-adj-bi	unreachable	10	3	8.212
p4-adj-bi	unreachable	10	4	7.587
p4-adj-bi	unreachable	10	5	8.599
p2-bfs-uni	unreachable-cap	1	1	10.936
p2-bfs-uni	unreachable-cap	1	2	12.306
p2-bfs-uni	unreachable-cap	1	3	11.762
p2-bfs-uni	unreachable-cap	1	4	12.216
p2-bfs-uni	unreachable-cap	1	5	11.577
p3-bfs-bi	unreachable-cap	1	1	12.671
p3-bfs-bi	unreachable-cap	1	2	11.772
p3-bfs-bi	unreachable-cap	1	3	12.874
p3-bfs-bi	unreachable-cap	1	4	11.441
p3-bfs-bi	unreachable-cap	1	5	11.999
p4-adj-bi	unreachable-cap	1	1	7.787
p4-adj-bi	unreachable-cap	1	2	7.226
p4-adj-bi	unreachable-cap	1	3	7.581
p4-adj-bi	unreachable-cap	1	4	7.530
p4-adj-bi	unreachable-cap	1	5	7.556
p2-bfs-uni	unreachable-cap	2	1	23.528
p2-bfs-uni	unreachable-cap	2	2	21.412
p2-bfs-uni	unreachable-cap	2	3	21.277
p2-bfs-uni	unreachable-cap	2	4	21.349
p2-bfs-uni	unreachable-cap	2	5	20.236
p3-bfs-bi	unreachable-cap	2	1	13.609
p3-bfs-bi	unreachable-cap	2	2	13.861
p3-bfs-bi	unreachable-cap	2	3	14.122
p3-bfs-bi	unreachable-cap	2	4	13.631
p3-bfs-bi	unreachable-cap	2	5	15.203
p4-adj-bi	unreachable-cap	2	1	8.218
p4-adj-bi	unreachable-cap	2	2	8.851
p4-adj-bi	unreachable-cap	2	3	8.986
p4-adj-bi	unreachable-cap	2	4	8.778
p4-adj-bi	unreachable-cap	2	5	8.157
p2-bfs-uni	unreachable-cap	3	1	23814.543
p2-bfs-uni	unreachable-cap	3	2	23738.000
p2-bfs-uni	unreachable-cap	3	3	22351.825
p3-bfs-bi	unreachable-cap	3	1	14.246
p3-bfs-bi	unreachable-cap	3	2	13.309
p3-bfs-bi	unreachable-cap	3	3	16.934
p3-bfs-bi	unreachable-cap	3	4	13.125
p3-bfs-bi	unreachable-cap	3	5	13.830
p4-adj-bi	unreachable-cap	3	1	8.015
p4-adj-bi	unreachable-cap	3	2	7.948
p4-adj-bi	unreachable-cap	3	3	8.128
p4-adj-bi	unreachable-cap	3	4	8.057
p4-adj-bi	unreachable-cap	3	5	8.637
p2-bfs-uni	unreachable-cap	4	1	96109.147
p2-bfs-uni	unreachable-cap	4	2	96338.820
p3-bfs-bi	unreachable-cap	4	1	13.912
p3-bfs-bi	unreachable-cap	4	2	12.750
p3-bfs-bi	unreachable-cap	4	3	13.574
p3-bfs-bi	unreachable-cap	4	4	13.150
p3-bfs-bi	unreachable-cap	4	5	13.216
p4-adj-bi	unreachable-cap	4	1	7.760
p4-adj-bi	unreachable-cap	4	2	8.474
p4-adj-bi	unreachable-cap	4	3	7.585
p4-adj-bi	unreachable-cap	4	4	7.754
p4-adj-bi	unreachable-cap	4	5	7.866
p3-bfs-bi	unreachable-cap	10	1	12.846
p3-bfs-bi	unreachable-cap	10	2	13.596
p3-bfs-bi	unreachable-cap	10	3	12.042
p3-bfs-bi	unreachable-cap	10	4	13.231
p3-bfs-bi	unreachable-cap	10	5	13.085
p4-adj-bi	unreachable-cap	10	1	7.708
p4-adj-bi	unreachable-cap	10	2	7.702
p4-adj-bi	unreachable-cap	10	3	8.274
p4-adj-bi	unreachable-cap	10	4	7.908
p4-adj-bi	unreachable-cap	10	5	7.565
p1-naive-cte	d2-artist-artist	1	1	4.693
p1-naive-cte	d2-artist-artist	1	2	4.715
p1-naive-cte	d2-artist-artist	1	3	4.768
p1-naive-cte	d2-artist-artist	1	4	4.791
p1-naive-cte	d2-artist-artist	1	5	4.610
p1-naive-cte	d2-artist-artist	2	1	9.080
p1-naive-cte	d2-artist-artist	2	2	8.724
p1-naive-cte	d2-artist-artist	2	3	8.882
p1-naive-cte	d2-artist-artist	2	4	8.733
p1-naive-cte	d2-artist-artist	2	5	8.875
p1-naive-cte	d2-artist-artist	3	-	over-temp-limit
p5-traverse	explore-artist-5665	1	1	11.871
p5-traverse	explore-artist-5665	1	2	11.777
p5-traverse	explore-artist-5665	1	3	11.306
p5-traverse	explore-artist-5665	1	4	11.766
p5-traverse	explore-artist-5665	1	5	11.663
p5-traverse	explore-artist-5665	2	1	22.353
p5-traverse	explore-artist-5665	2	2	22.137
p5-traverse	explore-artist-5665	2	3	21.723
p5-traverse	explore-artist-5665	2	4	22.534
p5-traverse	explore-artist-5665	2	5	22.057
p5-traverse	explore-artist-5665	3	1	21404.354
p5-traverse	explore-artist-5665	3	2	21328.829
p5-traverse	explore-artist-5665	3	3	21433.830
